-- Demo seed for Žižka Reality
-- Organization ID: 00000000-0000-4000-8000-000000000001
-- Safe to run multiple times (idempotent via ON CONFLICT DO NOTHING)

BEGIN;

-- Organization
INSERT INTO public.organizations (id, name, created_at)
VALUES (
  '00000000-0000-4000-8000-000000000001',
  'Žižka Reality',
  '2025-12-01T08:00:00Z'
)
ON CONFLICT (id) DO NOTHING;

-- Clients (15)
INSERT INTO public.clients (id, organization_id, full_name, email, phone, source, created_at)
VALUES
  ('00000000-0000-4001-8001-000000000001', '00000000-0000-4000-8000-000000000001', 'Petra Svobodová', 'petra.svobodova@example.com', '+420777111222', 'Sreality', '2026-01-12T09:00:00Z'),
  ('00000000-0000-4001-8001-000000000002', '00000000-0000-4000-8000-000000000001', 'Martin Dvořák', 'martin.dvorak@example.com', '+420777222333', 'Facebook', '2026-02-03T11:30:00Z'),
  ('00000000-0000-4001-8001-000000000003', '00000000-0000-4000-8000-000000000001', 'Jana Králová', 'jana.kralova@example.com', '+420777333444', 'Doporučení', '2026-02-22T15:10:00Z'),
  ('00000000-0000-4001-8001-000000000004', '00000000-0000-4000-8000-000000000001', 'Tomáš Novák', 'tomas.novak@example.com', '+420777444555', 'Web', '2026-03-08T08:45:00Z'),
  ('00000000-0000-4001-8001-000000000005', '00000000-0000-4000-8000-000000000001', 'Lucie Veselá', 'lucie.vesela@example.com', '+420777555666', 'Sreality', '2026-03-21T12:00:00Z'),
  ('00000000-0000-4001-8001-000000000006', '00000000-0000-4000-8000-000000000001', 'Karel Beneš', 'karel.benes@example.com', '+420777666777', 'Bezrealitky', '2026-04-14T12:00:00Z'),
  ('00000000-0000-4001-8001-000000000007', '00000000-0000-4000-8000-000000000001', 'Eva Horáková', 'eva.horakova@example.com', '+420777777888', 'Web', '2026-05-20T16:20:00Z'),
  ('00000000-0000-4001-8001-000000000008', '00000000-0000-4000-8000-000000000001', 'Ondřej Marek', 'ondrej.marek@example.com', '+420777888999', 'Sreality', '2026-06-02T10:00:00Z'),
  ('00000000-0000-4001-8001-000000000009', '00000000-0000-4000-8000-000000000001', 'Alena Pokorná', 'alena.pokorna@example.com', '+420777999000', 'Reality.idnes', '2026-06-11T14:25:00Z'),
  ('00000000-0000-4001-8001-000000000010', '00000000-0000-4000-8000-000000000001', 'Radek Novotný', 'radek.novotny@example.com', '+420776100200', 'Instagram', '2026-01-28T10:15:00Z'),
  ('00000000-0000-4001-8001-000000000011', '00000000-0000-4000-8000-000000000001', 'Lenka Pospíšilová', 'lenka.pospisilova@example.com', '+420776200300', 'Telefon', '2026-02-14T08:30:00Z'),
  ('00000000-0000-4001-8001-000000000012', '00000000-0000-4000-8000-000000000001', 'Jakub Řezníček', 'jakub.reznicek@example.com', '+420776300400', 'Sreality', '2026-04-02T13:45:00Z'),
  ('00000000-0000-4001-8001-000000000013', '00000000-0000-4000-8000-000000000001', 'Veronika Králíčková', 'veronika.kralickova@example.com', '+420776400500', 'Facebook', '2026-04-28T15:00:00Z'),
  ('00000000-0000-4001-8001-000000000014', '00000000-0000-4000-8000-000000000001', 'Šimon Fiala', 'simon.fiala@example.com', '+420776500600', 'Bezrealitky', '2026-05-09T11:20:00Z'),
  ('00000000-0000-4001-8001-000000000015', '00000000-0000-4000-8000-000000000001', 'Martin Šedlák', 'martin.sedlak@example.com', '+420776600700', 'Web', '2026-06-16T09:00:00Z')
ON CONFLICT (id) DO NOTHING;

-- Properties (12)
-- Sold properties: updated_at = effective sold date (used by query_sales_metrics Supabase path)
-- Properties with missing fields: 001 (no reconstruction_year, no building_modifications),
--   004 (no reconstruction_year, no floor_area), 008 (no floor_area, no energy_rating),
--   011 (no reconstruction_year)
INSERT INTO public.properties (id, organization_id, title, address, city, district, status, price, floor_area, reconstruction_year, building_modifications, energy_rating, created_at, updated_at)
VALUES
  ('00000000-0000-4002-8002-000000000001', '00000000-0000-4000-8000-000000000001', 'Byt 2+kk, Praha-Holešovice', 'Komunardů 18', 'Praha', 'Holešovice', 'active', 8490000, 54, NULL, NULL, 'C', '2026-01-05T10:00:00Z', '2026-01-05T10:00:00Z'),
  ('00000000-0000-4002-8002-000000000002', '00000000-0000-4000-8000-000000000001', 'Ateliér u Vltavy', 'Jankovicova 31', 'Praha', 'Holešovice', 'reserved', 6950000, 41, 2021, 'Nová elektroinstalace, koupelna', NULL, '2026-02-01T10:00:00Z', '2026-06-10T10:00:00Z'),
  ('00000000-0000-4002-8002-000000000003', '00000000-0000-4000-8000-000000000001', 'Rodinný dům, Roztoky', 'Tiché údolí 7', 'Roztoky', 'Roztoky', 'sold', 15400000, 132, 2018, NULL, 'B', '2026-01-18T10:00:00Z', '2026-06-05T09:15:00Z'),
  ('00000000-0000-4002-8002-000000000004', '00000000-0000-4000-8000-000000000001', 'Byt 3+1, Praha-Bubeneč', 'Československé armády 22', 'Praha', 'Bubeneč', 'active', 11200000, NULL, NULL, 'Repase parket', 'D', '2026-03-11T10:00:00Z', '2026-03-11T10:00:00Z'),
  ('00000000-0000-4002-8002-000000000005', '00000000-0000-4000-8000-000000000001', 'Garsonka, Praha-Žižkov', 'Biskupcová 9', 'Praha', 'Žižkov', 'sold', 4850000, 29, 2020, 'Bez dispozičních změn', 'C', '2026-01-28T10:00:00Z', '2026-04-24T15:30:00Z'),
  ('00000000-0000-4002-8002-000000000006', '00000000-0000-4000-8000-000000000001', 'Byt 2+1, Praha-Vršovice', 'Krymská 12', 'Praha', 'Vršovice', 'sold', 7900000, 62, 2019, 'Nová kuchyňská linka', 'C', '2026-01-08T10:00:00Z', '2026-03-19T10:00:00Z'),
  ('00000000-0000-4002-8002-000000000007', '00000000-0000-4000-8000-000000000001', 'Byt 1+kk, Praha-Libeň', 'Ženklovka 44', 'Praha', 'Libeň', 'sold', 5250000, 35, NULL, 'Žádné', 'E', '2025-12-12T10:00:00Z', '2026-01-28T13:00:00Z'),
  ('00000000-0000-4002-8002-000000000008', '00000000-0000-4000-8000-000000000001', 'Byt 2+kk, Praha-Karlín', 'Sokolovská 88', 'Praha', 'Karlín', 'active', 9200000, NULL, 2022, 'Otevřená kuchyně, nová koupelna', NULL, '2026-03-25T10:00:00Z', '2026-03-25T10:00:00Z'),
  ('00000000-0000-4002-8002-000000000009', '00000000-0000-4000-8000-000000000001', 'Byt 3+kk, Praha-Vinohrady', 'Mánesova 47', 'Praha', 'Vinohrady', 'reserved', 12500000, 78, 2023, 'Nové podlahy, koupelna, okna', 'B', '2026-04-18T10:00:00Z', '2026-06-01T10:00:00Z'),
  ('00000000-0000-4002-8002-000000000010', '00000000-0000-4000-8000-000000000001', 'Byt 2+kk, Praha-Dejvice', 'Dejvická 21', 'Praha', 'Dejvice', 'sold', 10800000, 59, 2020, 'Nová okna, podlaha', 'A', '2026-01-15T10:00:00Z', '2026-02-27T14:00:00Z'),
  ('00000000-0000-4002-8002-000000000011', '00000000-0000-4000-8000-000000000001', 'Byt 4+1, Praha-Žižkov', 'Seifertova 31', 'Praha', 'Žižkov', 'active', 14500000, 95, NULL, 'Částečná rekonstrukce koupelny', 'D', '2026-05-03T10:00:00Z', '2026-05-03T10:00:00Z'),
  ('00000000-0000-4002-8002-000000000012', '00000000-0000-4000-8000-000000000001', 'Řadový dům, Skalice', 'Na Vinici 12', 'Skalice', 'Skalice', 'sold', 6800000, 110, 2015, 'Nová střecha, fasáda', 'C', '2026-03-20T10:00:00Z', '2026-05-15T11:30:00Z')
ON CONFLICT (id) DO NOTHING;

-- Leads (28)
-- Distribution: Jan(3), Feb(5), Mar(4), Apr(5), May(5), Jun(6)
INSERT INTO public.leads (id, organization_id, client_id, status, source, created_at)
VALUES
  ('00000000-0000-4003-8003-000000000001', '00000000-0000-4000-8000-000000000001', '00000000-0000-4001-8001-000000000001', 'qualified',          'Sreality',      '2026-01-12T09:00:00Z'),
  ('00000000-0000-4003-8003-000000000002', '00000000-0000-4000-8000-000000000001', '00000000-0000-4001-8001-000000000002', 'contacted',          'Facebook',      '2026-02-03T11:30:00Z'),
  ('00000000-0000-4003-8003-000000000003', '00000000-0000-4000-8000-000000000001', '00000000-0000-4001-8001-000000000003', 'won',                'Doporučení',    '2026-02-22T15:10:00Z'),
  ('00000000-0000-4003-8003-000000000004', '00000000-0000-4000-8000-000000000001', '00000000-0000-4001-8001-000000000004', 'qualified',          'Web',           '2026-03-08T08:45:00Z'),
  ('00000000-0000-4003-8003-000000000005', '00000000-0000-4000-8000-000000000001', '00000000-0000-4001-8001-000000000005', 'new',                'Sreality',      '2026-03-21T12:00:00Z'),
  ('00000000-0000-4003-8003-000000000006', '00000000-0000-4000-8000-000000000001', '00000000-0000-4001-8001-000000000006', 'viewing_scheduled',  'Bezrealitky',   '2026-04-14T12:00:00Z'),
  ('00000000-0000-4003-8003-000000000007', '00000000-0000-4000-8000-000000000001', '00000000-0000-4001-8001-000000000007', 'contacted',          'Web',           '2026-05-20T16:20:00Z'),
  ('00000000-0000-4003-8003-000000000008', '00000000-0000-4000-8000-000000000001', '00000000-0000-4001-8001-000000000008', 'new',                'Sreality',      '2026-06-02T10:00:00Z'),
  ('00000000-0000-4003-8003-000000000009', '00000000-0000-4000-8000-000000000001', '00000000-0000-4001-8001-000000000009', 'contacted',          'Reality.idnes', '2026-06-11T14:25:00Z'),
  ('00000000-0000-4003-8003-000000000010', '00000000-0000-4000-8000-000000000001', '00000000-0000-4001-8001-000000000001', 'qualified',          'Sreality',      '2026-06-15T09:15:00Z'),
  ('00000000-0000-4003-8003-000000000011', '00000000-0000-4000-8000-000000000001', '00000000-0000-4001-8001-000000000010', 'contacted',          'Instagram',     '2026-01-28T10:15:00Z'),
  ('00000000-0000-4003-8003-000000000012', '00000000-0000-4000-8000-000000000001', '00000000-0000-4001-8001-000000000011', 'qualified',          'Telefon',       '2026-02-14T08:30:00Z'),
  ('00000000-0000-4003-8003-000000000013', '00000000-0000-4000-8000-000000000001', '00000000-0000-4001-8001-000000000012', 'won',                'Sreality',      '2026-04-02T13:45:00Z'),
  ('00000000-0000-4003-8003-000000000014', '00000000-0000-4000-8000-000000000001', '00000000-0000-4001-8001-000000000013', 'viewing_scheduled',  'Facebook',      '2026-04-28T15:00:00Z'),
  ('00000000-0000-4003-8003-000000000015', '00000000-0000-4000-8000-000000000001', '00000000-0000-4001-8001-000000000014', 'lost',               'Bezrealitky',   '2026-05-09T11:20:00Z'),
  ('00000000-0000-4003-8003-000000000016', '00000000-0000-4000-8000-000000000001', '00000000-0000-4001-8001-000000000015', 'new',                'Web',           '2026-06-16T09:00:00Z'),
  ('00000000-0000-4003-8003-000000000017', '00000000-0000-4000-8000-000000000001', '00000000-0000-4001-8001-000000000002', 'won',                'Facebook',      '2026-03-10T14:00:00Z'),
  ('00000000-0000-4003-8003-000000000018', '00000000-0000-4000-8000-000000000001', '00000000-0000-4001-8001-000000000005', 'contacted',          'Sreality',      '2026-02-08T09:00:00Z'),
  ('00000000-0000-4003-8003-000000000019', '00000000-0000-4000-8000-000000000001', '00000000-0000-4001-8001-000000000007', 'qualified',          'Web',           '2026-04-05T10:30:00Z'),
  ('00000000-0000-4003-8003-000000000020', '00000000-0000-4000-8000-000000000001', '00000000-0000-4001-8001-000000000003', 'viewing_scheduled',  'Doporučení',    '2026-05-14T11:00:00Z'),
  ('00000000-0000-4003-8003-000000000021', '00000000-0000-4000-8000-000000000001', '00000000-0000-4001-8001-000000000004', 'lost',               'Web',           '2026-01-22T07:30:00Z'),
  ('00000000-0000-4003-8003-000000000022', '00000000-0000-4000-8000-000000000001', '00000000-0000-4001-8001-000000000006', 'won',                'Bezrealitky',   '2026-06-03T13:00:00Z'),
  ('00000000-0000-4003-8003-000000000023', '00000000-0000-4000-8000-000000000001', '00000000-0000-4001-8001-000000000008', 'new',                'Sreality',      '2026-05-28T08:00:00Z'),
  ('00000000-0000-4003-8003-000000000024', '00000000-0000-4000-8000-000000000001', '00000000-0000-4001-8001-000000000010', 'qualified',          'Instagram',     '2026-03-15T15:20:00Z'),
  ('00000000-0000-4003-8003-000000000025', '00000000-0000-4000-8000-000000000001', '00000000-0000-4001-8001-000000000011', 'contacted',          'Telefon',       '2026-04-20T09:45:00Z'),
  ('00000000-0000-4003-8003-000000000026', '00000000-0000-4000-8000-000000000001', '00000000-0000-4001-8001-000000000012', 'new',                'Sreality',      '2026-06-08T10:00:00Z'),
  ('00000000-0000-4003-8003-000000000027', '00000000-0000-4000-8000-000000000001', '00000000-0000-4001-8001-000000000013', 'lost',               'Facebook',      '2026-02-25T14:30:00Z'),
  ('00000000-0000-4003-8003-000000000028', '00000000-0000-4000-8000-000000000001', '00000000-0000-4001-8001-000000000014', 'viewing_scheduled',  'Bezrealitky',   '2026-05-30T16:00:00Z')
ON CONFLICT (id) DO NOTHING;

-- Tasks (7)
INSERT INTO public.tasks (id, organization_id, property_id, title, description, due_at, created_at)
VALUES
  ('00000000-0000-4004-8004-000000000001', '00000000-0000-4000-8000-000000000001', '00000000-0000-4002-8002-000000000001', 'Doplnit technická data pro Byt 2+kk Holešovice', 'Chybí rok rekonstrukce a stavební úpravy. Kontaktovat majitelku Marii Černou.', '2026-06-25T12:00:00Z', '2026-06-17T09:00:00Z'),
  ('00000000-0000-4004-8004-000000000002', '00000000-0000-4000-8000-000000000001', '00000000-0000-4002-8002-000000000002', 'Potvrdit prohlídku Ateliér u Vltavy', 'Zájemce Karel Beneš preferuje termín 20. 6.', '2026-06-20T10:00:00Z', '2026-06-17T09:00:00Z'),
  ('00000000-0000-4004-8004-000000000003', '00000000-0000-4000-8000-000000000001', NULL, 'Kontaktovat nové leady z Instagramu', 'Radek Novotný a 2 další leads z kampaně. Odpovědět do 24 hodin.', '2026-06-22T12:00:00Z', '2026-06-17T09:00:00Z'),
  ('00000000-0000-4004-8004-000000000004', '00000000-0000-4000-8000-000000000001', '00000000-0000-4002-8002-000000000004', 'Připravit podklady pro Byt 3+1 Bubeneč', 'Chybí rok rekonstrukce a podlahová plocha. Ověřit u vlastníka.', '2026-06-30T12:00:00Z', '2026-06-17T09:00:00Z'),
  ('00000000-0000-4004-8004-000000000005', '00000000-0000-4000-8000-000000000001', '00000000-0000-4002-8002-000000000008', 'Doplnit energetický průkaz pro Byt 2+kk Karlín', 'Nemovitost nemá energetický štítek. Zadat u certifikovaného auditora.', '2026-06-25T12:00:00Z', '2026-06-17T09:00:00Z'),
  ('00000000-0000-4004-8004-000000000006', '00000000-0000-4000-8000-000000000001', '00000000-0000-4002-8002-000000000009', 'Follow-up po prohlídce Byt 3+kk Vinohrady', 'Veronika Králíčková prohlížela 21. 6. — zjistit zájem a další kroky.', '2026-06-23T12:00:00Z', '2026-06-17T09:00:00Z'),
  ('00000000-0000-4004-8004-000000000007', '00000000-0000-4000-8000-000000000001', '00000000-0000-4002-8002-000000000011', 'Nahrát fotografie Byt 4+1 Žižkov', 'Nemovitost čeká na fotodokumentaci před publikací na Sreality.', '2026-06-28T12:00:00Z', '2026-06-17T09:00:00Z')
ON CONFLICT (id) DO NOTHING;

COMMIT;
